
insert into hospital (hospital_id, hospital_name, hospital_type, available_bed, is_blood_bank, authorization_key_hospital_specific) values(10001, 'R.G. Kar Medical College and Hospital', 'GOV', 598, 'true', 'B3A7K6Z9R2');
insert into hospital (hospital_id, hospital_name, hospital_type, available_bed, is_blood_bank, authorization_key_hospital_specific) values(10002, 'NRS Medical College and Hospital', 'GOV', 509, 'true', 'L8M4C1X6P9');
insert into hospital (hospital_id, hospital_name, hospital_type, available_bed, is_blood_bank, authorization_key_hospital_specific) values(10003, 'SureCure Super Speciality Hospital', 'PVT', 305, 'false', 'H2Y5D9J1V7');
insert into hospital (hospital_id, hospital_name, hospital_type, available_bed, is_blood_bank, authorization_key_hospital_specific) values(10004, 'MediCare Private Hospital', 'PVT', 355, 'false', 'N6Q3S7G4T8');
insert into hospital (hospital_id, hospital_name, hospital_type, available_bed, is_blood_bank, authorization_key_hospital_specific) values(10005, 'SSKM Medical College and Hospital', 'GOV', 377, 'true', 'F1W9E5O3I7');
insert into hospital (hospital_id, hospital_name, hospital_type, available_bed, is_blood_bank, authorization_key_hospital_specific) values(10006, 'Sagar Dutta Medical College and Hospital', 'GOV', 299, 'true', 'U4V9R6K2A8');
insert into hospital (hospital_id, hospital_name, hospital_type, available_bed, is_blood_bank, authorization_key_hospital_specific) values(10007, 'Zenith Super Speciality Hospital', 'PVT', 401, 'false', 'G5X1L7S3N9');


insert into employee (employee_id, first_name, last_name, sex, username, password, hospital_id) values (1001, 'Arpan', 'Mitra', 'M', 'arpan', 'abcd',  10001);
insert into employee (employee_id, first_name, last_name, sex, username, password, hospital_id) values (1004, 'Amit', 'Singh', 'M', 'singhamit123', 'abcd', 10001);
insert into employee (employee_id,  first_name, last_name, sex, username, password, hospital_id) values (1002, 'Scarlet', 'Witch', 'F', 'scarlet', 'abcd', 10002);
insert into employee (employee_id,  first_name, last_name, sex, username, password, hospital_id) values (1003, 'Anubrata', 'Kesto', 'M', 'anu123', 'abcd', 10003);

/*10001*/
INSERT INTO PATIENT (PATIENT_ID, PATIENT_FIRST_NAME, PATIENT_LAST_NAME, PATIENT_SEX, PATIENT_AGE, BED_NO, DISEASE, ADMISSION_DATE, DOCTOR_NAME, LAST_VISITED, RELEASE_DATE, HOSPITAL_ID)
VALUES (1001, 'Amit', 'Joshi', 'M', 42, 'B102', 'Fever', '2023-07-06', 'Dr. Gupta', '08:45:00', '2023-07-15', 10001);

INSERT INTO PATIENT (PATIENT_ID, PATIENT_FIRST_NAME, PATIENT_LAST_NAME, PATIENT_SEX, PATIENT_AGE, BED_NO, DISEASE, ADMISSION_DATE, DOCTOR_NAME, LAST_VISITED, RELEASE_DATE, HOSPITAL_ID)
VALUES (1002, 'Riya', 'Shah', 'F', 38, 'B105', 'Diabetes', '2023-07-03', 'Dr. Sharma', '09:30:00', '2023-07-17', 10001);

INSERT INTO PATIENT (PATIENT_ID, PATIENT_FIRST_NAME, PATIENT_LAST_NAME, PATIENT_SEX, PATIENT_AGE, BED_NO, DISEASE, ADMISSION_DATE, DOCTOR_NAME, LAST_VISITED, RELEASE_DATE, HOSPITAL_ID)
VALUES (1003, 'Rahul', 'Malhotra', 'M', 29, 'B108', 'Injury', '2023-07-08', 'Dr. Khan', '14:25:00', '2023-07-19', 10001);

INSERT INTO PATIENT (PATIENT_ID, PATIENT_FIRST_NAME, PATIENT_LAST_NAME, PATIENT_SEX, PATIENT_AGE, BED_NO, DISEASE, ADMISSION_DATE, DOCTOR_NAME, LAST_VISITED, RELEASE_DATE, HOSPITAL_ID)
VALUES (1004, 'Alisha', 'Chopra', 'F', 46, 'B112', 'Migraine', '2023-07-05', 'Dr. Mishra', '11:30:00', '2023-07-21', 10001);

INSERT INTO PATIENT (PATIENT_ID, PATIENT_FIRST_NAME, PATIENT_LAST_NAME, PATIENT_SEX, PATIENT_AGE, BED_NO, DISEASE, ADMISSION_DATE, DOCTOR_NAME, LAST_VISITED, RELEASE_DATE, HOSPITAL_ID)
VALUES (1005, 'Kabir', 'Srivastava', 'M', 37, 'B115', 'Hypertension', '2023-07-07', 'Dr. Reddy', '15:15:00', '2023-07-20', 10001);

INSERT INTO PATIENT (PATIENT_ID, PATIENT_FIRST_NAME, PATIENT_LAST_NAME, PATIENT_SEX, PATIENT_AGE, BED_NO, DISEASE, ADMISSION_DATE, DOCTOR_NAME, LAST_VISITED, RELEASE_DATE, HOSPITAL_ID)
VALUES (1006, 'Sia', 'Sharma', 'F', 33, 'B118', 'Asthma', '2023-07-04', 'Dr. Patel', '10:10:00', '2023-07-23', 10001);

INSERT INTO PATIENT (PATIENT_ID, PATIENT_FIRST_NAME, PATIENT_LAST_NAME, PATIENT_SEX, PATIENT_AGE, BED_NO, DISEASE, ADMISSION_DATE, DOCTOR_NAME, LAST_VISITED, RELEASE_DATE, HOSPITAL_ID)
VALUES (1007, 'Vikram', 'Verma', 'M', 40, 'B122', 'Allergy', '2023-07-02', 'Dr. Singh', '13:40:00', '2023-07-25', 10001);

INSERT INTO PATIENT (PATIENT_ID, PATIENT_FIRST_NAME, PATIENT_LAST_NAME, PATIENT_SEX, PATIENT_AGE, BED_NO, DISEASE, ADMISSION_DATE, DOCTOR_NAME, LAST_VISITED, RELEASE_DATE, HOSPITAL_ID)
VALUES (1008, 'Sanya', 'Bhatnagar', 'F', 27, 'B125', 'Cold', '2023-07-09', 'Dr. Mishra', '10:45:00', '2023-07-27', 10001);

INSERT INTO PATIENT (PATIENT_ID, PATIENT_FIRST_NAME, PATIENT_LAST_NAME, PATIENT_SEX, PATIENT_AGE, BED_NO, DISEASE, ADMISSION_DATE, DOCTOR_NAME, LAST_VISITED, RELEASE_DATE, HOSPITAL_ID)
VALUES (1009, 'Abhinav', 'Sinha', 'M', 34, 'B128', 'Infection', '2023-07-06', 'Dr. Gupta', '15:40:00', '2023-07-24', 10001);

INSERT INTO PATIENT (PATIENT_ID, PATIENT_FIRST_NAME, PATIENT_LAST_NAME, PATIENT_SEX, PATIENT_AGE, BED_NO, DISEASE, ADMISSION_DATE, DOCTOR_NAME, LAST_VISITED, RELEASE_DATE, HOSPITAL_ID)
VALUES (1010, 'Prisha', 'Sharma', 'F', 31, 'B132', 'Headache', '2023-07-09', 'Dr. Sharma', '12:50:00', '2023-07-22', 10001);

INSERT INTO PATIENT (PATIENT_ID, PATIENT_FIRST_NAME, PATIENT_LAST_NAME, PATIENT_SEX, PATIENT_AGE, BED_NO, DISEASE, ADMISSION_DATE, DOCTOR_NAME, LAST_VISITED, RELEASE_DATE, HOSPITAL_ID)
VALUES (1050, 'Yash', 'Gupta', 'M', 42, 'B102', 'Fever', '2023-07-10', 'Dr. Gupta', '09:15:00', '2023-07-15', 10001);

INSERT INTO PATIENT (PATIENT_ID, PATIENT_FIRST_NAME, PATIENT_LAST_NAME, PATIENT_SEX, PATIENT_AGE, BED_NO, DISEASE, ADMISSION_DATE, DOCTOR_NAME, LAST_VISITED, RELEASE_DATE, HOSPITAL_ID)
VALUES (1058, 'Anika', 'Reddy', 'F', 38, 'B105', 'Diabetes', '2023-07-11', 'Dr. Sharma', '10:30:00', '2023-07-17', 10001);
                
/*10002 hospital*/
INSERT INTO PATIENT (PATIENT_ID, PATIENT_FIRST_NAME, PATIENT_LAST_NAME, PATIENT_SEX, PATIENT_AGE, BED_NO, DISEASE, ADMISSION_DATE, DOCTOR_NAME, LAST_VISITED, RELEASE_DATE, HOSPITAL_ID)
VALUES (1011, 'Aarav', 'Verma', 'M', 32, 'B102', 'Fever', '2023-07-01', 'Dr. Gupta', '08:30:00', '2023-07-10', 10002);

INSERT INTO PATIENT (PATIENT_ID, PATIENT_FIRST_NAME, PATIENT_LAST_NAME, PATIENT_SEX, PATIENT_AGE, BED_NO, DISEASE, ADMISSION_DATE, DOCTOR_NAME, LAST_VISITED, RELEASE_DATE, HOSPITAL_ID)
VALUES (1012, 'Diya', 'Singh', 'F', 45, 'B105', 'Diabetes', '2023-06-25', 'Dr. Sharma', '10:45:00', '2023-07-12', 10002);

INSERT INTO PATIENT (PATIENT_ID, PATIENT_FIRST_NAME, PATIENT_LAST_NAME, PATIENT_SEX, PATIENT_AGE, BED_NO, DISEASE, ADMISSION_DATE, DOCTOR_NAME, LAST_VISITED, RELEASE_DATE, HOSPITAL_ID)
VALUES (1013, 'Vivaan', 'Patel', 'M', 28, 'B108', 'Injury', '2023-06-30', 'Dr. Khan', '15:20:00', '2023-07-11', 10002);

INSERT INTO PATIENT (PATIENT_ID, PATIENT_FIRST_NAME, PATIENT_LAST_NAME, PATIENT_SEX, PATIENT_AGE, BED_NO, DISEASE, ADMISSION_DATE, DOCTOR_NAME, LAST_VISITED, RELEASE_DATE, HOSPITAL_ID)
VALUES (1014, 'Aanya', 'Reddy', 'F', 36, 'B112', 'Migraine', '2023-07-02', 'Dr. Mishra', '11:15:00', '2023-07-14', 10002);

INSERT INTO PATIENT (PATIENT_ID, PATIENT_FIRST_NAME, PATIENT_LAST_NAME, PATIENT_SEX, PATIENT_AGE, BED_NO, DISEASE, ADMISSION_DATE, DOCTOR_NAME, LAST_VISITED, RELEASE_DATE, HOSPITAL_ID)
VALUES (1015, 'Advait', 'Gupta', 'M', 42, 'B115', 'Hypertension', '2023-06-28', 'Dr. Reddy', '14:50:00', '2023-07-13', 10002);

INSERT INTO PATIENT (PATIENT_ID, PATIENT_FIRST_NAME, PATIENT_LAST_NAME, PATIENT_SEX, PATIENT_AGE, BED_NO, DISEASE, ADMISSION_DATE, DOCTOR_NAME, LAST_VISITED, RELEASE_DATE, HOSPITAL_ID)
VALUES (1016, 'Ishani', 'Sinha', 'F', 31, 'B118', 'Asthma', '2023-07-03', 'Dr. Patel', '09:40:00', '2023-07-15', 10002);

INSERT INTO PATIENT (PATIENT_ID, PATIENT_FIRST_NAME, PATIENT_LAST_NAME, PATIENT_SEX, PATIENT_AGE, BED_NO, DISEASE, ADMISSION_DATE, DOCTOR_NAME, LAST_VISITED, RELEASE_DATE, HOSPITAL_ID)
VALUES (1017, 'Arjun', 'Kumar', 'M', 38, 'B122', 'Allergy', '2023-07-04', 'Dr. Singh', '13:55:00', '2023-07-16', 10002);

INSERT INTO PATIENT (PATIENT_ID, PATIENT_FIRST_NAME, PATIENT_LAST_NAME, PATIENT_SEX, PATIENT_AGE, BED_NO, DISEASE, ADMISSION_DATE, DOCTOR_NAME, LAST_VISITED, RELEASE_DATE, HOSPITAL_ID)
VALUES (1018, 'Anika', 'Sharma', 'F', 27, 'B125', 'Cold', '2023-07-01', 'Dr. Verma', '10:30:00', '2023-07-14', 10002);

INSERT INTO PATIENT (PATIENT_ID, PATIENT_FIRST_NAME, PATIENT_LAST_NAME, PATIENT_SEX, PATIENT_AGE, BED_NO, DISEASE, ADMISSION_DATE, DOCTOR_NAME, LAST_VISITED, RELEASE_DATE, HOSPITAL_ID)
VALUES (1019, 'Vihaan', 'Gandhi', 'M', 34, 'B128', 'Infection', '2023-06-26', 'Dr. Gupta', '15:10:00', '2023-07-12', 10002);

INSERT INTO PATIENT (PATIENT_ID, PATIENT_FIRST_NAME, PATIENT_LAST_NAME, PATIENT_SEX, PATIENT_AGE, BED_NO, DISEASE, ADMISSION_DATE, DOCTOR_NAME, LAST_VISITED, RELEASE_DATE, HOSPITAL_ID)
VALUES (1020, 'Myra', 'Deshmukh', 'F', 29, 'B132', 'Headache', '2023-06-29', 'Dr. Sharma', '12:20:00', '2023-07-10', 10002);

/*10003*/
INSERT INTO PATIENT (PATIENT_ID, PATIENT_FIRST_NAME, PATIENT_LAST_NAME, PATIENT_SEX, PATIENT_AGE, BED_NO, DISEASE, ADMISSION_DATE, DOCTOR_NAME, LAST_VISITED, RELEASE_DATE, HOSPITAL_ID)
VALUES (1021, 'Kabir', 'Gupta', 'M', 43, 'B102', 'Fever', '2023-07-05', 'Dr. Sharma', '09:45:00', '2023-07-14', 10003);

INSERT INTO PATIENT (PATIENT_ID, PATIENT_FIRST_NAME, PATIENT_LAST_NAME, PATIENT_SEX, PATIENT_AGE, BED_NO, DISEASE, ADMISSION_DATE, DOCTOR_NAME, LAST_VISITED, RELEASE_DATE, HOSPITAL_ID)
VALUES (1022, 'Aaradhya', 'Chopra', 'F', 37, 'B105', 'Diabetes', '2023-07-02', 'Dr. Verma', '10:30:00', '2023-07-16', 10003);

INSERT INTO PATIENT (PATIENT_ID, PATIENT_FIRST_NAME, PATIENT_LAST_NAME, PATIENT_SEX, PATIENT_AGE, BED_NO, DISEASE, ADMISSION_DATE, DOCTOR_NAME, LAST_VISITED, RELEASE_DATE, HOSPITAL_ID)
VALUES (1023, 'Rudra', 'Srivastava', 'M', 29, 'B108', 'Injury', '2023-07-07', 'Dr. Mishra', '14:20:00', '2023-07-18', 10003);

INSERT INTO PATIENT (PATIENT_ID, PATIENT_FIRST_NAME, PATIENT_LAST_NAME, PATIENT_SEX, PATIENT_AGE, BED_NO, DISEASE, ADMISSION_DATE, DOCTOR_NAME, LAST_VISITED, RELEASE_DATE, HOSPITAL_ID)
VALUES (1024, 'Aanya', 'Singhania', 'F', 48, 'B112', 'Migraine', '2023-07-04', 'Dr. Gupta', '11:15:00', '2023-07-20', 10003);

INSERT INTO PATIENT (PATIENT_ID, PATIENT_FIRST_NAME, PATIENT_LAST_NAME, PATIENT_SEX, PATIENT_AGE, BED_NO, DISEASE, ADMISSION_DATE, DOCTOR_NAME, LAST_VISITED, RELEASE_DATE, HOSPITAL_ID)
VALUES (1025, 'Shaurya', 'Malhotra', 'M', 35, 'B115', 'Hypertension', '2023-07-06', 'Dr. Khan', '16:10:00', '2023-07-17', 10003);

INSERT INTO PATIENT (PATIENT_ID, PATIENT_FIRST_NAME, PATIENT_LAST_NAME, PATIENT_SEX, PATIENT_AGE, BED_NO, DISEASE, ADMISSION_DATE, DOCTOR_NAME, LAST_VISITED, RELEASE_DATE, HOSPITAL_ID)
VALUES (1026, 'Ananya', 'Iyer', 'F', 31, 'B118', 'Asthma', '2023-07-03', 'Dr. Patel', '09:50:00', '2023-07-19', 10003);

INSERT INTO PATIENT (PATIENT_ID, PATIENT_FIRST_NAME, PATIENT_LAST_NAME, PATIENT_SEX, PATIENT_AGE, BED_NO, DISEASE, ADMISSION_DATE, DOCTOR_NAME, LAST_VISITED, RELEASE_DATE, HOSPITAL_ID)
VALUES (1027, 'Dhruv', 'Choudhury', 'M', 39, 'B122', 'Allergy', '2023-07-01', 'Dr. Singh', '13:30:00', '2023-07-21', 10003);

INSERT INTO PATIENT (PATIENT_ID, PATIENT_FIRST_NAME, PATIENT_LAST_NAME, PATIENT_SEX, PATIENT_AGE, BED_NO, DISEASE, ADMISSION_DATE, DOCTOR_NAME, LAST_VISITED, RELEASE_DATE, HOSPITAL_ID)
VALUES (1028, 'Saanvi', 'Bhatnagar', 'F', 26, 'B125', 'Cold', '2023-07-08', 'Dr. Reddy', '10:55:00', '2023-07-23', 10003);

INSERT INTO PATIENT (PATIENT_ID, PATIENT_FIRST_NAME, PATIENT_LAST_NAME, PATIENT_SEX, PATIENT_AGE, BED_NO, DISEASE, ADMISSION_DATE, DOCTOR_NAME, LAST_VISITED, RELEASE_DATE, HOSPITAL_ID)
VALUES (1029, 'Vihaan', 'Khanna', 'M', 33, 'B128', 'Infection', '2023-07-05', 'Dr. Sharma', '15:30:00', '2023-07-22', 10003);

INSERT INTO PATIENT (PATIENT_ID, PATIENT_FIRST_NAME, PATIENT_LAST_NAME, PATIENT_SEX, PATIENT_AGE, BED_NO, DISEASE, ADMISSION_DATE, DOCTOR_NAME, LAST_VISITED, RELEASE_DATE, HOSPITAL_ID)
VALUES (1030, 'Aarohi', 'Gandhi', 'F', 28, 'B132', 'Headache', '2023-07-07', 'Dr. Mishra', '12:40:00', '2023-07-20', 10003);

